wv_poly_lons,wv_poly_lats
-123.3166667,43.96798611
-123.3236806,43.975
-123.325,43.97631944
-123.3320139,43.98333333
-123.325,43.99034722
-123.3236806,43.99166667
-123.3166667,43.99868056
-123.3083333,43.99868056
-123.3070139,44.0
-123.3,44.00701389
-123.2916667,44.00701389
-123.2833333,44.00701389
-123.275,44.00701389
-123.2736806,44.00833333
-123.2666667,44.01534722
-123.2653472,44.01666667
-123.2583333,44.02368056
-123.2570139,44.025
-123.2583333,44.02631944
-123.2653472,44.03333333
-123.2666667,44.03465278
-123.275,44.03465278
-123.2833333,44.03465278
-123.2903472,44.04166667
-123.2903472,44.05
-123.2916667,44.05089454
-123.3,44.05089454
-123.3013194,44.05
-123.3083333,44.04298611
-123.3166667,44.04298611
-123.3236806,44.05
-123.3166667,44.05701389
-123.3157721,44.05833333
-123.3083333,44.06577213
-123.3074388,44.06666667
-123.3074388,44.075
-123.3083333,44.07589454
-123.3166667,44.07589454
-123.325,44.07589454
-123.3258945,44.075
-123.3263194,44.06666667
-123.3333333,44.05965278
-123.3346528,44.05833333
-123.3416667,44.05131944
-123.35,44.05131944
-123.3583333,44.05131944
-123.3666667,44.05131944
-123.3679861,44.05
-123.375,44.04298611
-123.3833333,44.04298611
-123.3916667,44.04298611
-123.4,44.04298611
-123.4083333,44.04298611
-123.4166667,44.04298611
-123.4236806,44.05
-123.4166667,44.05701389
-123.4083333,44.05701389
-123.4070139,44.05833333
-123.4,44.06534722
-123.3986806,44.06666667
-123.3916667,44.07368056
-123.3903472,44.075
-123.3833333,44.08201389
-123.375,44.08201389
-123.3679861,44.075
-123.3679861,44.06666667
-123.3666667,44.06534722
-123.3583333,44.06534722
-123.3570139,44.06666667
-123.3570139,44.075
-123.35,44.08201389
-123.3416667,44.08201389
-123.3407721,44.08333333
-123.3333333,44.09077213
-123.3324388,44.09166667
-123.325,44.09910546
-123.3241055,44.1
-123.3241055,44.10833333
-123.3241055,44.11666667
-123.3166667,44.12410546
-123.3083333,44.12410546
-123.3070139,44.125
-123.3070139,44.13333333
-123.3070139,44.14166667
-123.3070139,44.15
-123.3,44.15701389
-123.2986806,44.15833333
-123.2916667,44.16534722
-123.2903472,44.16666667
-123.2903472,44.175
-123.2903472,44.18333333
-123.2916667,44.18465278
-123.3,44.18465278
-123.3013194,44.18333333
-123.3083333,44.17631944
-123.3166667,44.17631944
-123.3179861,44.175
-123.325,44.16798611
-123.3333333,44.16798611
-123.3403472,44.175
-123.3403472,44.18333333
-123.3333333,44.19034722
-123.325,44.19034722
-123.3236806,44.19166667
-123.3166667,44.19868056
-123.3083333,44.19868056
-123.3070139,44.2
-123.3070139,44.20833333
-123.3,44.21534722
-123.2986806,44.21666667
-123.3,44.21798611
-123.3083333,44.21798611
-123.3166667,44.21798611
-123.3236806,44.225
-123.325,44.22549325
-123.3333333,44.22631944
-123.3403472,44.23333333
-123.3416667,44.23465278
-123.3486806,44.24166667
-123.3486806,44.25
-123.3416667,44.25701389
-123.3333333,44.25701389
-123.325,44.25701389
-123.3236806,44.25833333
-123.3166667,44.26534722
-123.3083333,44.26534722
-123.3070139,44.26666667
-123.3,44.27368056
-123.2986806,44.275
-123.2916667,44.28201389
-123.2903472,44.28333333
-123.2833333,44.29034722
-123.2763194,44.28333333
-123.275,44.28201389
-123.2666667,44.28201389
-123.2583333,44.28201389
-123.2570139,44.28333333
-123.25,44.29034722
-123.2416667,44.29034722
-123.2346528,44.28333333
-123.2333333,44.28201389
-123.225,44.28201389
-123.2236806,44.28333333
-123.2236806,44.29166667
-123.225,44.29298611
-123.2333333,44.29298611
-123.2403472,44.3
-123.2403472,44.30833333
-123.2403472,44.31666667
-123.2333333,44.32368056
-123.2320139,44.325
-123.2333333,44.32631944
-123.2403472,44.33333333
-123.2333333,44.34034722
-123.2320139,44.34166667
-123.2320139,44.35
-123.2320139,44.35833333
-123.2320139,44.36666667
-123.2333333,44.36798611
-123.2346528,44.36666667
-123.2416667,44.35965278
-123.25,44.35965278
-123.2583333,44.35965278
-123.2666667,44.35965278
-123.2679861,44.35833333
-123.275,44.35131944
-123.2833333,44.35131944
-123.2846528,44.35
-123.2916667,44.34298611
-123.3,44.34298611
-123.3070139,44.35
-123.3070139,44.35833333
-123.3083333,44.35965278
-123.3153472,44.36666667
-123.3083333,44.37368056
-123.3070139,44.375
-123.3,44.38201389
-123.2916667,44.38201389
-123.2833333,44.38201389
-123.275,44.38201389
-123.2736806,44.38333333
-123.2736806,44.39166667
-123.275,44.39298611
-123.2833333,44.39298611
-123.2846528,44.39166667
-123.2916667,44.38465278
-123.2986806,44.39166667
-123.2986806,44.4
-123.2986806,44.40833333
-123.2986806,44.41666667
-123.2916667,44.42368056
-123.2833333,44.42368056
-123.275,44.42368056
-123.2736806,44.425
-123.2666667,44.43201389
-123.2653472,44.43333333
-123.2666667,44.43465278
-123.275,44.43465278
-123.2833333,44.43465278
-123.2916667,44.43465278
-123.2986806,44.44166667
-123.3,44.44298611
-123.3083333,44.44298611
-123.3153472,44.45
-123.3153472,44.45833333
-123.3083333,44.46534722
-123.3,44.46534722
-123.2986806,44.46666667
-123.2986806,44.475
-123.2986806,44.48333333
-123.3,44.48465278
-123.3070139,44.49166667
-123.3,44.49868056
-123.2986806,44.5
-123.2986806,44.50833333
-123.2986806,44.51666667
-123.2916667,44.52368056
-123.2903472,44.525
-123.2833333,44.53201389
-123.2820139,44.53333333
-123.275,44.54034722
-123.2736806,44.54166667
-123.2736806,44.55
-123.275,44.55131944
-123.2833333,44.55131944
-123.2903472,44.55833333
-123.2903472,44.56666667
-123.2833333,44.57368056
-123.2820139,44.575
-123.275,44.58201389
-123.2736806,44.58333333
-123.2666667,44.59034722
-123.2583333,44.59034722
-123.2570139,44.59166667
-123.25,44.59868056
-123.2486806,44.6
-123.2486806,44.60833333
-123.2416667,44.61534722
-123.2333333,44.61534722
-123.225,44.61534722
-123.2236806,44.61666667
-123.2236806,44.625
-123.2166667,44.63201389
-123.2153472,44.63333333
-123.2083333,44.64034722
-123.2,44.64034722
-123.1916667,44.64034722
-123.1903472,44.64166667
-123.1833333,44.64868056
-123.1763194,44.64166667
-123.1833333,44.63465278
-123.1846528,44.63333333
-123.1916667,44.62631944
-123.1929861,44.625
-123.1916667,44.62368056
-123.1833333,44.62368056
-123.175,44.62368056
-123.1736806,44.625
-123.1736806,44.63333333
-123.1666667,44.64034722
-123.1583333,44.64034722
-123.15,44.64034722
-123.1416667,44.64034722
-123.1333333,44.64034722
-123.1320139,44.64166667
-123.125,44.6439538
-123.1166667,44.64868056
-123.1083333,44.64868056
-123.1070139,44.65
-123.1,44.65701389
-123.0929861,44.65
-123.0916667,44.64868056
-123.0833333,44.64868056
-123.0820139,44.65
-123.075,44.65701389
-123.0736806,44.65833333
-123.075,44.65965278
-123.0820139,44.66666667
-123.0833333,44.66798611
-123.0903472,44.675
-123.0916667,44.67631944
-123.1,44.67631944
-123.1083333,44.67631944
-123.1166667,44.67631944
-123.1236806,44.68333333
-123.1236806,44.69166667
-123.125,44.69298611
-123.1320139,44.7
-123.1333333,44.70131944
-123.1416667,44.70131944
-123.1486806,44.70833333
-123.15,44.70965278
-123.1583333,44.70965278
-123.1666667,44.70965278
-123.175,44.70965278
-123.1833333,44.70965278
-123.1903472,44.71666667
-123.1916667,44.71798611
-123.2,44.71798611
-123.2013194,44.71666667
-123.2083333,44.70965278
-123.2153472,44.71666667
-123.2166667,44.71798611
-123.225,44.71798611
-123.2333333,44.71798611
-123.2346528,44.71666667
-123.2416667,44.70965278
-123.25,44.70965278
-123.2570139,44.71666667
-123.2583333,44.71798611
-123.2666667,44.71798611
-123.275,44.71798611
-123.2833333,44.71798611
-123.2916667,44.71798611
-123.2986806,44.725
-123.3,44.72631944
-123.3083333,44.72631944
-123.3153472,44.73333333
-123.3153472,44.74166667
-123.3166667,44.74298611
-123.325,44.74298611
-123.3333333,44.74298611
-123.3403472,44.75
-123.3416667,44.75131944
-123.35,44.75131944
-123.3583333,44.75131944
-123.3666667,44.75131944
-123.375,44.75131944
-123.3820139,44.75833333
-123.375,44.76534722
-123.3736806,44.76666667
-123.3736806,44.775
-123.3666667,44.78201389
-123.3653472,44.78333333
-123.3583333,44.79034722
-123.35,44.79034722
-123.3416667,44.79034722
-123.3403472,44.79166667
-123.3416667,44.79298611
-123.3486806,44.8
-123.35,44.80131944
-123.3570139,44.80833333
-123.3583333,44.80965278
-123.3653472,44.81666667
-123.3666667,44.81798611
-123.3736806,44.825
-123.375,44.82631944
-123.3820139,44.83333333
-123.3833333,44.83465278
-123.3916667,44.83465278
-123.3986806,44.84166667
-123.4,44.84298611
-123.4083333,44.84298611
-123.4153472,44.85
-123.4153472,44.85833333
-123.4083333,44.86534722
-123.4,44.86534722
-123.3929861,44.85833333
-123.3916667,44.85701389
-123.3846528,44.85
-123.3833333,44.84868056
-123.375,44.84868056
-123.3736806,44.85
-123.3666667,44.85701389
-123.3653472,44.85833333
-123.3583333,44.86534722
-123.3570139,44.86666667
-123.3570139,44.875
-123.35,44.88201389
-123.3416667,44.88201389
-123.3403472,44.88333333
-123.3333333,44.89034722
-123.325,44.89034722
-123.3179861,44.88333333
-123.3179861,44.875
-123.325,44.86798611
-123.3333333,44.86798611
-123.3416667,44.86798611
-123.3429861,44.86666667
-123.35,44.85965278
-123.3513194,44.85833333
-123.3513194,44.85
-123.3583333,44.84298611
-123.3596528,44.84166667
-123.3583333,44.84034722
-123.35,44.84034722
-123.3429861,44.83333333
-123.3416667,44.83201389
-123.3346528,44.825
-123.3333333,44.82368056
-123.3263194,44.81666667
-123.325,44.81534722
-123.3166667,44.81534722
-123.3083333,44.81534722
-123.3013194,44.80833333
-123.3,44.80701389
-123.2916667,44.80701389
-123.2833333,44.80701389
-123.2763194,44.8
-123.275,44.79868056
-123.2736806,44.8
-123.2666667,44.80701389
-123.2583333,44.80701389
-123.2513194,44.8
-123.25,44.79868056
-123.2416667,44.79868056
-123.2346528,44.79166667
-123.2346528,44.78333333
-123.2333333,44.78201389
-123.225,44.78201389
-123.2236806,44.78333333
-123.2166667,44.79034722
-123.2153472,44.79166667
-123.2083333,44.79868056
-123.2013194,44.79166667
-123.2,44.79034722
-123.1929861,44.78333333
-123.1929861,44.775
-123.1929861,44.76666667
-123.1916667,44.76534722
-123.1833333,44.76534722
-123.175,44.76534722
-123.1666667,44.76534722
-123.1583333,44.76534722
-123.15,44.76534722
-123.1486806,44.76666667
-123.1486806,44.775
-123.1486806,44.78333333
-123.15,44.78465278
-123.1583333,44.78465278
-123.1653472,44.79166667
-123.1666667,44.79298611
-123.1736806,44.8
-123.175,44.80131944
-123.1820139,44.80833333
-123.1833333,44.80965278
-123.1916667,44.80965278
-123.1986806,44.81666667
-123.2,44.81798611
-123.2083333,44.81798611
-123.2166667,44.81798611
-123.2236806,44.825
-123.225,44.82631944
-123.2333333,44.82631944
-123.2416667,44.82631944
-123.2429861,44.825
-123.25,44.81798611
-123.2570139,44.825
-123.2583333,44.82631944
-123.2653472,44.83333333
-123.2666667,44.83465278
-123.2736806,44.84166667
-123.275,44.84298611
-123.2820139,44.85
-123.275,44.85701389
-123.2666667,44.85701389
-123.2596528,44.85
-123.2583333,44.84868056
-123.2513194,44.84166667
-123.25,44.84034722
-123.2416667,44.84034722
-123.2403472,44.84166667
-123.2416667,44.84298611
-123.2486806,44.85
-123.2486806,44.85833333
-123.25,44.85965278
-123.2583333,44.85965278
-123.2653472,44.86666667
-123.2653472,44.875
-123.2583333,44.88201389
-123.2570139,44.88333333
-123.2570139,44.89166667
-123.2583333,44.89298611
-123.2653472,44.9
-123.2666667,44.90131944
-123.2736806,44.90833333
-123.2666667,44.91534722
-123.2653472,44.91666667
-123.2583333,44.92368056
-123.2570139,44.925
-123.2583333,44.92631944
-123.2666667,44.92631944
-123.2679861,44.925
-123.275,44.91798611
-123.2763194,44.91666667
-123.2833333,44.90965278
-123.2903472,44.91666667
-123.2903472,44.925
-123.2833333,44.93201389
-123.2820139,44.93333333
-123.275,44.94034722
-123.2736806,44.94166667
-123.2736806,44.95
-123.2736806,44.95833333
-123.275,44.95965278
-123.2820139,44.96666667
-123.2820139,44.975
-123.2833333,44.97631944
-123.2916667,44.97631944
-123.3,44.97631944
-123.3013194,44.975
-123.3083333,44.96798611
-123.3153472,44.975
-123.3153472,44.98333333
-123.3083333,44.99034722
-123.3,44.99034722
-123.2916667,44.99034722
-123.2903472,44.99166667
-123.2833333,44.99868056
-123.275,44.99868056
-123.2666667,44.99868056
-123.2653472,45.0
-123.2653472,45.00833333
-123.2583333,45.01534722
-123.2570139,45.01666667
-123.2570139,45.025
-123.2583333,45.02631944
-123.2666667,45.02631944
-123.2736806,45.03333333
-123.2736806,45.04166667
-123.275,45.04298611
-123.2833333,45.04298611
-123.2846528,45.04166667
-123.2916667,45.03465278
-123.2929861,45.03333333
-123.3,45.02631944
-123.3083333,45.02631944
-123.3096528,45.025
-123.3166667,45.01798611
-123.3179861,45.01666667
-123.3179861,45.00833333
-123.325,45.00131944
-123.3263194,45.0
-123.3263194,44.99166667
-123.3333333,44.98465278
-123.3416667,44.98465278
-123.35,44.98465278
-123.3570139,44.99166667
-123.35,44.99868056
-123.3416667,44.99868056
-123.3403472,45.0
-123.3403472,45.00833333
-123.3403472,45.01666667
-123.3403472,45.025
-123.3416667,45.02631944
-123.3486806,45.03333333
-123.3416667,45.04034722
-123.3403472,45.04166667
-123.3403472,45.05
-123.3416667,45.05131944
-123.3486806,45.05833333
-123.35,45.05965278
-123.3583333,45.05965278
-123.3653472,45.06666667
-123.3666667,45.06798611
-123.375,45.06798611
-123.3833333,45.06798611
-123.3916667,45.06798611
-123.3986806,45.075
-123.3916667,45.07728714
-123.3856205,45.08333333
-123.3833333,45.08562047
-123.375,45.08562047
-123.3689538,45.09166667
-123.3666667,45.09868056
-123.3583333,45.09868056
-123.3570139,45.1
-123.3570139,45.10833333
-123.35,45.11534722
-123.3416667,45.11534722
-123.3403472,45.11666667
-123.3333333,45.12368056
-123.325,45.12368056
-123.3236806,45.125
-123.3236806,45.13333333
-123.3236806,45.14166667
-123.3166667,45.14868056
-123.3083333,45.14868056
-123.3013194,45.14166667
-123.3,45.14034722
-123.2916667,45.14034722
-123.2903472,45.14166667
-123.2903472,45.15
-123.2833333,45.15701389
-123.2820139,45.15833333
-123.2820139,45.16666667
-123.275,45.17368056
-123.2736806,45.175
-123.2736806,45.18333333
-123.2666667,45.19034722
-123.2583333,45.19034722
-123.25,45.19034722
-123.2416667,45.19034722
-123.2333333,45.19034722
-123.225,45.19034722
-123.2236806,45.19166667
-123.2236806,45.2
-123.2189538,45.20833333
-123.2166667,45.21534722
-123.2083333,45.21534722
-123.2070139,45.21666667
-123.2083333,45.21798611
-123.2166667,45.21798611
-123.225,45.21798611
-123.2320139,45.225
-123.2333333,45.22631944
-123.2346528,45.225
-123.2416667,45.22271286
-123.25,45.22271286
-123.2583333,45.22271286
-123.2666667,45.21798611
-123.2736806,45.225
-123.2666667,45.23201389
-123.2583333,45.23201389
-123.2570139,45.23333333
-123.2570139,45.24166667
-123.25,45.24868056
-123.2416667,45.24868056
-123.2346528,45.24166667
-123.2333333,45.24034722
-123.225,45.24034722
-123.2236806,45.24166667
-123.2236806,45.25
-123.225,45.25131944
-123.2320139,45.25833333
-123.2320139,45.26666667
-123.2333333,45.26798611
-123.2416667,45.26798611
-123.2486806,45.275
-123.2486806,45.28333333
-123.2416667,45.29034722
-123.2403472,45.29166667
-123.2333333,45.29868056
-123.2263194,45.29166667
-123.225,45.29034722
-123.2166667,45.29034722
-123.2083333,45.29034722
-123.2070139,45.29166667
-123.2083333,45.29298611
-123.2166667,45.29298611
-123.2236806,45.3
-123.2236806,45.30833333
-123.2236806,45.31666667
-123.225,45.31798611
-123.2333333,45.31798611
-123.2403472,45.325
-123.2403472,45.33333333
-123.2416667,45.33465278
-123.2486806,45.34166667
-123.2486806,45.35
-123.25,45.35131944
-123.2570139,45.35833333
-123.2570139,45.36666667
-123.2583333,45.36798611
-123.2653472,45.375
-123.2653472,45.38333333
-123.2583333,45.39034722
-123.25,45.39034722
-123.2429861,45.38333333
-123.2416667,45.38201389
-123.2346528,45.375
-123.2333333,45.37368056
-123.225,45.37368056
-123.2166667,45.37368056
-123.2153472,45.375
-123.2083333,45.38201389
-123.2013194,45.375
-123.2013194,45.36666667
-123.2,45.36534722
-123.1916667,45.36534722
-123.1833333,45.36534722
-123.1820139,45.36666667
-123.175,45.37368056
-123.1666667,45.37368056
-123.1583333,45.37368056
-123.1570139,45.375
-123.1570139,45.38333333
-123.15,45.39034722
-123.1416667,45.39117342
-123.1338266,45.38333333
-123.1343198,45.375
-123.1416667,45.36765317
-123.15,45.36798611
-123.1513194,45.36666667
-123.1583333,45.35965278
-123.1596528,45.35833333
-123.1596528,45.35
-123.1583333,45.34868056
-123.1513194,45.34166667
-123.1583333,45.33465278
-123.1596528,45.33333333
-123.1596528,45.325
-123.1583333,45.32368056
-123.15,45.32368056
-123.1429861,45.31666667
-123.1416667,45.31534722
-123.1346528,45.30833333
-123.1346528,45.3
-123.1346528,45.29166667
-123.1333333,45.29034722
-123.125,45.29034722
-123.1179861,45.28333333
-123.1179861,45.275
-123.125,45.26798611
-123.1263194,45.26666667
-123.1333333,45.25965278
-123.1346528,45.25833333
-123.1346528,45.25
-123.1333333,45.24868056
-123.125,45.24868056
-123.1166667,45.24868056
-123.1083333,45.24868056
-123.1,45.24868056
-123.0916667,45.24868056
-123.0833333,45.24868056
-123.0763194,45.24166667
-123.075,45.24034722
-123.0666667,45.24034722
-123.0653472,45.24166667
-123.0583333,45.24868056
-123.05,45.24868056
-123.0486806,45.25
-123.0486806,45.25833333
-123.0416667,45.26534722
-123.0403472,45.26666667
-123.0333333,45.27368056
-123.0320139,45.275
-123.025,45.28201389
-123.0236806,45.28333333
-123.0236806,45.29166667
-123.0236806,45.3
-123.0236806,45.30833333
-123.025,45.30965278
-123.0333333,45.30965278
-123.0416667,45.30965278
-123.0486806,45.31666667
-123.05,45.31798611
-123.0583333,45.31798611
-123.0666667,45.31798611
-123.075,45.31798611
-123.0820139,45.325
-123.0833333,45.32631944
-123.0903472,45.33333333
-123.0916667,45.33465278
-123.1,45.33465278
-123.1070139,45.34166667
-123.1070139,45.35
-123.1070139,45.35833333
-123.1083333,45.35965278
-123.1153472,45.36666667
-123.1153472,45.375
-123.1083333,45.38201389
-123.1070139,45.38333333
-123.1070139,45.39166667
-123.1083333,45.39298611
-123.1153472,45.4
-123.1166667,45.40131944
-123.1236806,45.40833333
-123.125,45.40965278
-123.1333333,45.40965278
-123.1403472,45.41666667
-123.1403472,45.425
-123.1416667,45.42631944
-123.1486806,45.43333333
-123.15,45.43465278
-123.1583333,45.43465278
-123.1666667,45.43465278
-123.1679861,45.43333333
-123.175,45.42631944
-123.1833333,45.42631944
-123.1903472,45.43333333
-123.1903472,45.44166667
-123.1833333,45.44868056
-123.175,45.44868056
-123.1666667,45.44868056
-123.1583333,45.44868056
-123.1570139,45.45
-123.1570139,45.45833333
-123.15,45.46534722
-123.1416667,45.46534722
-123.1403472,45.46666667
-123.1403472,45.475
-123.1403472,45.48333333
-123.1403472,45.49166667
-123.1416667,45.49298611
-123.15,45.49298611
-123.1583333,45.49298611
-123.1653472,45.5
-123.1653472,45.50833333
-123.1653472,45.51666667
-123.1656004,45.525
-123.1666667,45.52631944
-123.1736806,45.53333333
-123.175,45.53465278
-123.1820139,45.54166667
-123.175,45.54868056
-123.1666667,45.54868056
-123.1596528,45.54166667
-123.1583333,45.54034722
-123.1513194,45.53333333
-123.15,45.53201389
-123.1416667,45.53201389
-123.1346528,45.525
-123.1333333,45.52368056
-123.125,45.52368056
-123.1241055,45.525
-123.125,45.52589454
-123.1324388,45.53333333
-123.1324388,45.54166667
-123.1324388,45.55
-123.1333333,45.55089454
-123.1407721,45.55833333
-123.1416667,45.55965278
-123.15,45.55965278
-123.1583333,45.55965278
-123.1653472,45.56666667
-123.1666667,45.56798611
-123.175,45.56798611
-123.1820139,45.575
-123.1833333,45.57631944
-123.1916667,45.57631944
-123.1986806,45.58333333
-123.1916667,45.59034722
-123.1903472,45.59166667
-123.1833333,45.59868056
-123.175,45.59868056
-123.1666667,45.59868056
-123.1583333,45.59868056
-123.1570139,45.6
-123.1570139,45.60833333
-123.1583333,45.60965278
-123.1666667,45.60965278
-123.1736806,45.61666667
-123.1736806,45.625
-123.1666667,45.63201389
-123.1653472,45.63333333
-123.1583333,45.64034722
-123.1513194,45.63333333
-123.1513194,45.625
-123.15,45.62368056
-123.1416667,45.62368056
-123.1403472,45.625
-123.1333333,45.63201389
-123.1320139,45.63333333
-123.1333333,45.63465278
-123.1403472,45.64166667
-123.1416667,45.64298611
-123.1486806,45.65
-123.15,45.65131944
-123.1583333,45.65071807
-123.1659486,45.65833333
-123.1666667,45.65965278
-123.1736806,45.66666667
-123.175,45.66798611
-123.1820139,45.675
-123.1833333,45.67631944
-123.1916667,45.67631944
-123.2,45.67631944
-123.2070139,45.68333333
-123.2,45.69034722
-123.1916667,45.69034722
-123.1833333,45.69034722
-123.1763194,45.68333333
-123.175,45.68201389
-123.1666667,45.68201389
-123.1596528,45.675
-123.1583333,45.67368056
-123.1513194,45.66666667
-123.15,45.66534722
-123.1429861,45.65833333
-123.1416667,45.65701389
-123.1333333,45.65701389
-123.125,45.65701389
-123.1179861,45.65
-123.1179861,45.64166667
-123.1166667,45.64034722
-123.1096528,45.63333333
-123.1083333,45.63201389
-123.1,45.63201389
-123.0916667,45.63201389
-123.0833333,45.63201389
-123.075,45.63201389
-123.0666667,45.63201389
-123.0583333,45.63201389
-123.0570139,45.63333333
-123.05,45.64034722
-123.0486806,45.64166667
-123.05,45.64298611
-123.0583333,45.64298611
-123.0653472,45.65
-123.0653472,45.65833333
-123.0653472,45.66666667
-123.0583333,45.67368056
-123.0513194,45.66666667
-123.05,45.66534722
-123.0416667,45.66534722
-123.0346528,45.65833333
-123.0346528,45.65
-123.0333333,45.64868056
-123.0263194,45.64166667
-123.025,45.64034722
-123.0166667,45.64034722
-123.0096528,45.63333333
-123.0083333,45.63201389
-123.0013194,45.625
-123.0,45.62368056
-122.9916667,45.62368056
-122.9833333,45.62368056
-122.975,45.62368056
-122.9736806,45.625
-122.975,45.62631944
-122.9833333,45.62631944
-122.9903472,45.63333333
-122.9903472,45.64166667
-122.9903472,45.65
-122.9916667,45.65049325
-123.0,45.65049325
-123.0078401,45.65833333
-123.0078401,45.66666667
-123.0,45.67450675
-122.9916667,45.67450675
-122.9903472,45.675
-122.9833333,45.68201389
-122.975,45.68201389
-122.9679861,45.675
-122.9679861,45.66666667
-122.9666667,45.66534722
-122.9583333,45.66534722
-122.9570139,45.66666667
-122.95,45.67368056
-122.9416667,45.67368056
-122.9403472,45.675
-122.9333333,45.68201389
-122.925,45.68201389
-122.9179861,45.675
-122.9179861,45.66666667
-122.9179861,45.65833333
-122.9179861,45.65
-122.925,45.64298611
-122.9333333,45.64298611
-122.9403472,45.65
-122.9403472,45.65833333
-122.9416667,45.65965278
-122.9429861,45.65833333
-122.95,45.65131944
-122.9583333,45.65131944
-122.9596528,45.65
-122.9596528,45.64166667
-122.9583333,45.64034722
-122.9513194,45.63333333
-122.9513194,45.625
-122.95,45.62368056
-122.9429861,45.61666667
-122.9416667,45.61534722
-122.9346528,45.60833333
-122.9333333,45.60701389
-122.9263194,45.6
-122.925,45.59868056
-122.9166667,45.59868056
-122.9083333,45.59868056
-122.9,45.59868056
-122.8929861,45.59166667
-122.8916667,45.59034722
-122.8833333,45.59034722
-122.8820139,45.59166667
-122.875,45.59868056
-122.8736806,45.6
-122.8736806,45.60833333
-122.8736806,45.61666667
-122.8666667,45.62368056
-122.8583333,45.62368056
-122.8513194,45.61666667
-122.85,45.61577213
-122.8416667,45.61577213
-122.8407721,45.61666667
-122.8333333,45.62410546
-122.825,45.62450675
-122.8236806,45.625
-122.8236806,45.63333333
-122.825,45.63465278
-122.8333333,45.63465278
-122.8403472,45.64166667
-122.8416667,45.64298611
-122.85,45.64298611
-122.8583333,45.64298611
-122.8653472,45.65
-122.8666667,45.65131944
-122.8679861,45.65
-122.875,45.64298611
-122.8833333,45.64298611
-122.8846528,45.64166667
-122.8838266,45.63333333
-122.8916667,45.62549325
-122.9,45.62549325
-122.9078401,45.63333333
-122.9070139,45.64166667
-122.9,45.64868056
-122.8916667,45.64868056
-122.8903472,45.65
-122.8916667,45.65049325
-122.8995067,45.65833333
-122.9,45.65882658
-122.9007181,45.65833333
-122.9083333,45.65071807
-122.9159486,45.65833333
-122.9083333,45.6659486
-122.9078401,45.66666667
-122.9078401,45.675
-122.9078401,45.68333333
-122.9078401,45.69166667
-122.9083333,45.69215992
-122.9161734,45.7
-122.9166667,45.70049325
-122.925,45.70049325
-122.9328401,45.70833333
-122.9333333,45.70882658
-122.9346528,45.70833333
-122.9416667,45.70131944
-122.95,45.70131944
-122.9570139,45.70833333
-122.9583333,45.70965278
-122.9666667,45.70965278
-122.9679861,45.70833333
-122.975,45.70131944
-122.9820139,45.70833333
-122.9833333,45.70965278
-122.9916667,45.7090514
-122.9992819,45.71666667
-122.9916667,45.72428193
-122.9833333,45.72368056
-122.975,45.72368056
-122.9745067,45.725
-122.975,45.72549325
-122.9833333,45.72631944
-122.9916667,45.72631944
-122.9986806,45.73333333
-122.9992819,45.74166667
-122.9916667,45.74928193
-122.9833333,45.74950675
-122.975,45.74950675
-122.9666667,45.74950675
-122.9583333,45.74950675
-122.95,45.74950675
-122.9416667,45.74950675
-122.9333333,45.74950675
-122.925,45.74868056
-122.9166667,45.74868056
-122.9083333,45.74868056
-122.9070139,45.75
-122.9,45.75228714
-122.8939538,45.75833333
-122.8916667,45.76062047
-122.8846528,45.75833333
-122.8846528,45.75
-122.8833333,45.74868056
-122.875,45.7439538
-122.8666667,45.7439538
-122.861254,45.74166667
-122.8583333,45.73874598
-122.8554126,45.74166667
-122.8522871,45.75
-122.8522871,45.75833333
-122.8522871,45.76666667
-122.8522871,45.775
-122.8583333,45.7810462
-122.8666667,45.7810462
-122.875,45.7810462
-122.8833333,45.7810462
-122.8916667,45.77631944
-122.8986806,45.78333333
-122.9,45.78465278
-122.9083333,45.78465278
-122.9166667,45.78465278
-122.9236806,45.79166667
-122.9166667,45.79868056
-122.9083333,45.79868056
-122.9,45.79868056
-122.8986806,45.8
-122.8986806,45.80833333
-122.8986806,45.81666667
-122.8986806,45.825
-122.8916667,45.83201389
-122.8903472,45.83333333
-122.8833333,45.84034722
-122.875,45.84034722
-122.8741055,45.84166667
-122.8666667,45.84910546
-122.8656004,45.85
-122.8583333,45.85726712
-122.85,45.85701389
-122.8429861,45.85
-122.8416667,45.84868056
-122.8346528,45.84166667
-122.8346528,45.83333333
-122.8416667,45.82631944
-122.8429861,45.825
-122.8429861,45.81666667
-122.8416667,45.81534722
-122.8403472,45.81666667
-122.8333333,45.82368056
-122.8320139,45.825
-122.825,45.83201389
-122.8236806,45.83333333
-122.8166667,45.84034722
-122.8083333,45.84034722
-122.8070139,45.84166667
-122.8083333,45.84298611
-122.8166667,45.84298611
-122.8236806,45.85
-122.8236806,45.85833333
-122.8166667,45.86534722
-122.8153472,45.86666667
-122.8083333,45.87368056
-122.8,45.87368056
-122.7989338,45.875
-122.7991055,45.88333333
-122.7991055,45.89166667
-122.8,45.89256121
-122.8074388,45.9
-122.8083333,45.90106622
-122.8156004,45.90833333
-122.8156004,45.91666667
-122.8083333,45.91994183
-122.8036778,45.925
-122.8083333,45.92965549
-122.8166667,45.92965549
-122.8213222,45.925
-122.8177329,45.91666667
-122.825,45.90939955
-122.8322671,45.91666667
-122.8333333,45.91798611
-122.8416667,45.91798611
-122.8486806,45.925
-122.85,45.92589454
-122.8574388,45.93333333
-122.8583333,45.93465278
-122.8653472,45.94166667
-122.8666667,45.94298611
-122.8736806,45.95
-122.8736806,45.95833333
-122.8741055,45.96666667
-122.8741055,45.975
-122.8741055,45.98333333
-122.8741055,45.99166667
-122.8741055,46.0
-122.8741055,46.00833333
-122.8666667,46.01201117
-122.8620112,46.01666667
-122.8666667,46.02132216
-122.8703445,46.025
-122.875,46.02965549
-122.8786778,46.03333333
-122.8824388,46.04166667
-122.8833333,46.04256121
-122.8842279,46.04166667
-122.8916667,46.03422787
-122.8991055,46.04166667
-122.8991055,46.05
-122.8916667,46.05743879
-122.8907721,46.05833333
-122.8907721,46.06666667
-122.8916667,46.06756121
-122.8991055,46.075
-122.9,46.07589454
-122.9074388,46.08333333
-122.9083333,46.08422787
-122.9166667,46.08422787
-122.925,46.08422787
-122.9333333,46.08422787
-122.9407721,46.09166667
-122.9416667,46.09256121
-122.95,46.09256121
-122.9583333,46.09256121
-122.9657721,46.1
-122.9666667,46.10089454
-122.9675612,46.1
-122.975,46.09256121
-122.9833333,46.09256121
-122.9916667,46.09256121
-122.9991055,46.1
-123.0,46.10089454
-123.0083333,46.10131944
-123.0153472,46.10833333
-123.0166667,46.10965278
-123.025,46.10965278
-123.0320139,46.11666667
-123.025,46.12225914
-123.0166667,46.1194629
-123.0083333,46.1194629
-123.0,46.12034451
-122.9953445,46.125
-123.0,46.12965549
-123.0083333,46.1305371
-123.0166667,46.1305371
-123.0194629,46.13333333
-123.0203445,46.14166667
-123.025,46.14632216
-123.0333333,46.14632216
-123.0416667,46.14632216
-123.0491055,46.15
-123.05,46.15089454
-123.0583333,46.15089454
-123.0657721,46.15833333
-123.0666667,46.15922787
-123.075,46.15922787
-123.0824388,46.16666667
-123.0833333,46.16756121
-123.0916667,46.16756121
-123.1,46.16798611
-123.1027962,46.175
-123.1036778,46.18333333
-123.1,46.18643137
-123.0916667,46.18643137
-123.0833333,46.18643137
-123.075,46.18643137
-123.071902,46.18333333
-123.0666667,46.17809804
-123.0583333,46.17809804
-123.05,46.17809804
-123.0416667,46.17809804
-123.0364314,46.18333333
-123.0333333,46.18643137
-123.025,46.18562047
-123.0166667,46.18643137
-123.0083333,46.18643137
-123.0,46.18643137
-122.996902,46.18333333
-122.9916667,46.17809804
-122.9833333,46.17809804
-122.978959,46.175
-122.975,46.17104097
-122.9675612,46.16666667
-122.9666667,46.16577213
-122.9583333,46.16577213
-122.9508945,46.15833333
-122.95,46.15743879
-122.9425612,46.15
-122.9416667,46.14910546
-122.9333333,46.14910546
-122.925,46.14910546
-122.9241055,46.15
-122.9166667,46.15743879
-122.9157721,46.15833333
-122.9114314,46.16666667
-122.9157721,46.175
-122.9166667,46.17589454
-122.9197647,46.18333333
-122.9197647,46.19166667
-122.9197647,46.2
-122.9166667,46.20309804
-122.9114314,46.20833333
-122.9114314,46.21666667
-122.9114314,46.225
-122.9157721,46.23333333
-122.9083333,46.24077213
-122.9074388,46.24166667
-122.9,46.24910546
-122.8991055,46.25
-122.9,46.25089454
-122.903098,46.25833333
-122.9083333,46.26356863
-122.9166667,46.26356863
-122.925,46.26437953
-122.9272871,46.26666667
-122.9333333,46.27271286
-122.9416667,46.27190196
-122.95,46.27271286
-122.9522871,46.275
-122.9522871,46.28333333
-122.9583333,46.28856863
-122.9614314,46.29166667
-122.9666667,46.29690196
-122.9697647,46.3
-122.9666667,46.30743879
-122.9583333,46.30309804
-122.95,46.30228714
-122.9477129,46.3
-122.9416667,46.2939538
-122.9356205,46.3
-122.9333333,46.30228714
-122.925,46.30228714
-122.9197647,46.30833333
-122.9197647,46.31666667
-122.9197647,46.325
-122.925,46.33023529
-122.928098,46.33333333
-122.9333333,46.33937953
-122.9356205,46.34166667
-122.9364314,46.35
-122.9333333,46.35743879
-122.9258945,46.35
-122.925,46.34868056
-122.9179861,46.34166667
-122.9166667,46.34077213
-122.9083333,46.33902778
-122.9,46.34034722
-122.8916667,46.34077213
-122.8833333,46.33562047
-122.8810462,46.33333333
-122.8833333,46.32631944
-122.8842279,46.325
-122.8846528,46.31666667
-122.8916667,46.30965278
-122.9,46.30965278
-122.9013194,46.30833333
-122.9008945,46.3
-122.9,46.29910546
-122.8925612,46.29166667
-122.8916667,46.29034722
-122.8893795,46.28333333
-122.8833333,46.27728714
-122.8810462,46.275
-122.8810462,46.26666667
-122.8833333,46.25965278
-122.8842279,46.25833333
-122.8885686,46.25
-122.8842279,46.24166667
-122.8842279,46.23333333
-122.8916667,46.22589454
-122.8925612,46.225
-122.8925612,46.21666667
-122.8916667,46.21577213
-122.8885686,46.20833333
-122.8916667,46.20089454
-122.8925612,46.2
-122.8916667,46.19910546
-122.8885686,46.19166667
-122.8916667,46.18856863
-122.896902,46.18333333
-122.9,46.18023529
-122.9052353,46.175
-122.9052353,46.16666667
-122.9008945,46.15833333
-122.9008945,46.15
-122.9,46.14910546
-122.8916667,46.14910546
-122.8833333,46.14910546
-122.875,46.14910546
-122.8666667,46.14910546
-122.8583333,46.14476471
-122.8552353,46.14166667
-122.8583333,46.13856863
-122.8666667,46.13856863
-122.875,46.13422787
-122.8833333,46.13422787
-122.8842279,46.13333333
-122.8842279,46.125
-122.8842279,46.11666667
-122.8833333,46.11577213
-122.878959,46.10833333
-122.875,46.10437431
-122.871902,46.1
-122.871902,46.09166667
-122.871902,46.08333333
-122.8666667,46.07809804
-122.8635686,46.075
-122.8666667,46.07190196
-122.871902,46.06666667
-122.8666667,46.06143137
-122.8635686,46.05833333
-122.8583333,46.05309804
-122.85,46.05309804
-122.846902,46.05
-122.8416667,46.04476471
-122.8342279,46.04166667
-122.8416667,46.03422787
-122.85,46.03422787
-122.8508945,46.03333333
-122.85,46.03243879
-122.8425612,46.025
-122.846902,46.01666667
-122.85,46.01298883
-122.8546555,46.00833333
-122.8546555,46.0
-122.85,45.99534451
-122.8416667,45.99786275
-122.8385686,45.99166667
-122.8379888,45.98333333
-122.8333333,45.97867784
-122.825,45.97809804
-122.821902,45.975
-122.8213222,45.96666667
-122.8213222,45.95833333
-122.8213222,45.95
-122.8213222,45.94166667
-122.8166667,45.93701117
-122.8120112,45.94166667
-122.8083333,45.94534451
-122.8036778,45.95
-122.8,45.95743879
-122.7916667,45.95743879
-122.7885686,45.95
-122.7833333,45.94476471
-122.775,45.94476471
-122.7675612,45.94166667
-122.7666667,45.94077213
-122.7592279,45.93333333
-122.7583333,45.93243879
-122.75,45.93243879
-122.7416667,45.92809804
-122.7333333,45.92809804
-122.7272871,45.93333333
-122.725,45.93562047
-122.7189538,45.94166667
-122.7189538,45.95
-122.7166667,45.95228714
-122.7083333,45.95228714
-122.7060462,45.95
-122.7013194,45.94166667
-122.7,45.94077213
-122.6986806,45.94166667
-122.6916667,45.9439538
-122.6856205,45.95
-122.6833333,45.95228714
-122.675,45.95228714
-122.6727129,45.95
-122.6666667,45.9439538
-122.661254,45.94166667
-122.6583333,45.93952941
-122.65,45.93643137
-122.6416667,45.93643137
-122.6342279,45.93333333
-122.6416667,45.92589454
-122.65,45.92589454
-122.6583333,45.92589454
-122.6666667,45.92589454
-122.675,45.92589454
-122.6833333,45.92589454
-122.6916667,45.92589454
-122.7,45.92589454
-122.7008945,45.925
-122.7083333,45.91756121
-122.7166667,45.91756121
-122.7175612,45.91666667
-122.725,45.90922787
-122.7258945,45.90833333
-122.7302353,45.9
-122.7302353,45.89166667
-122.725,45.88643137
-122.7175612,45.88333333
-122.7166667,45.88243879
-122.7122924,45.875
-122.7166667,45.86756121
-122.7175612,45.86666667
-122.725,45.85922787
-122.7333333,45.85922787
-122.7416667,45.85922787
-122.7425612,45.85833333
-122.75,45.85089454
-122.7583333,45.85523529
-122.7666667,45.85523529
-122.771902,45.85
-122.7666667,45.84476471
-122.7583333,45.84476471
-122.7508945,45.84166667
-122.7508945,45.83333333
-122.7508945,45.825
-122.7508945,45.81666667
-122.75,45.81577213
-122.7425612,45.80833333
-122.7416667,45.80743879
-122.7342279,45.8
-122.7416667,45.79256121
-122.7425612,45.79166667
-122.7425612,45.78333333
-122.7425612,45.775
-122.7425612,45.76666667
-122.7425612,45.75833333
-122.7425612,45.75
-122.7416667,45.74910546
-122.7342279,45.74166667
-122.7333333,45.74077213
-122.7258945,45.73333333
-122.7258945,45.725
-122.7258945,45.71666667
-122.725,45.71577213
-122.7175612,45.70833333
-122.7166667,45.70743879
-122.7092279,45.7
-122.7083333,45.69910546
-122.7008945,45.69166667
-122.7,45.69077213
-122.6925612,45.68333333
-122.6916667,45.68201389
-122.6846528,45.675
-122.6833333,45.67368056
-122.675,45.67368056
-122.6679861,45.66666667
-122.6666667,45.66534722
-122.6596528,45.65833333
-122.6583333,45.65701389
-122.65,45.65701389
-122.6416667,45.65701389
-122.6346528,45.65
-122.6333333,45.64868056
-122.625,45.64868056
-122.6166667,45.64868056
-122.6083333,45.64868056
-122.6070139,45.65
-122.6,45.65701389
-122.5916667,45.65701389
-122.5903472,45.65833333
-122.5903472,45.66666667
-122.5903472,45.675
-122.5903472,45.68333333
-122.5833333,45.69034722
-122.5820139,45.69166667
-122.575,45.69868056
-122.5666667,45.69868056
-122.5583333,45.69868056
-122.5570139,45.7
-122.55,45.70701389
-122.5416667,45.70701389
-122.5333333,45.70701389
-122.525,45.70701389
-122.5236806,45.70833333
-122.5166667,45.71534722
-122.5096528,45.70833333
-122.5083333,45.70701389
-122.5013194,45.7
-122.5,45.69868056
-122.4916667,45.69868056
-122.4903472,45.7
-122.4833333,45.70701389
-122.4763194,45.7
-122.475,45.69868056
-122.4679861,45.69166667
-122.475,45.68465278
-122.4833333,45.68465278
-122.4846528,45.68333333
-122.4833333,45.68201389
-122.4763194,45.675
-122.4763194,45.66666667
-122.4763194,45.65833333
-122.475,45.65701389
-122.4666667,45.65701389
-122.4596528,45.65
-122.4583333,45.64868056
-122.4513194,45.64166667
-122.4513194,45.63333333
-122.4583333,45.62631944
-122.4596528,45.625
-122.4583333,45.62368056
-122.4513194,45.61666667
-122.4513194,45.60833333
-122.4560462,45.6
-122.4583333,45.59771286
-122.4666667,45.59771286
-122.475,45.59542572
-122.4833333,45.59298611
-122.4846528,45.59166667
-122.4846528,45.58333333
-122.4916667,45.57631944
-122.5,45.57631944
-122.5070139,45.58333333
-122.5070139,45.59166667
-122.5083333,45.59298611
-122.5166667,45.59298611
-122.5179861,45.59166667
-122.5179861,45.58333333
-122.525,45.57631944
-122.5320139,45.58333333
-122.5333333,45.58465278
-122.5416667,45.58465278
-122.55,45.58465278
-122.5583333,45.58465278
-122.5666667,45.58465278
-122.575,45.58465278
-122.5820139,45.59166667
-122.5833333,45.59298611
-122.5916667,45.59298611
-122.5986806,45.6
-122.5916667,45.60701389
-122.5833333,45.60701389
-122.575,45.60701389
-122.5666667,45.60701389
-122.5596528,45.6
-122.5583333,45.59868056
-122.5570139,45.6
-122.55,45.60701389
-122.5486806,45.60833333
-122.55,45.60965278
-122.5583333,45.60965278
-122.5666667,45.60965278
-122.575,45.60965278
-122.5833333,45.60965278
-122.5916667,45.60965278
-122.6,45.60965278
-122.6083333,45.60965278
-122.6166667,45.60965278
-122.6179861,45.60833333
-122.625,45.60131944
-122.6263194,45.6
-122.6263194,45.59166667
-122.6263194,45.58333333
-122.625,45.58243879
-122.6166667,45.58243879
-122.6083333,45.58243879
-122.6,45.58201389
-122.5929861,45.575
-122.6,45.56798611
-122.6008945,45.56666667
-122.6083333,45.55922787
-122.6166667,45.55922787
-122.625,45.55965278
-122.6333333,45.55965278
-122.6416667,45.55965278
-122.6429861,45.55833333
-122.6416667,45.55569444
-122.6359722,45.55
-122.6333333,45.54868056
-122.625,45.54868056
-122.6179861,45.54166667
-122.6179861,45.53333333
-122.6166667,45.53201389
-122.6083333,45.53201389
-122.6013194,45.525
-122.6013194,45.51666667
-122.6013194,45.50833333
-122.6083333,45.50131944
-122.6166667,45.50131944
-122.6175612,45.5
-122.6175612,45.49166667
-122.6166667,45.49034722
-122.6096528,45.48333333
-122.6166667,45.47631944
-122.6179861,45.475
-122.6175612,45.46666667
-122.6166667,45.46534722
-122.6096528,45.45833333
-122.6166667,45.45131944
-122.6175612,45.45
-122.6166667,45.44868056
-122.6096528,45.44166667
-122.6083333,45.43902778
-122.6026389,45.43333333
-122.6,45.43201389
-122.5989338,45.43333333
-122.5916667,45.44060045
-122.5907721,45.44166667
-122.5833333,45.44910546
-122.575,45.44910546
-122.5675612,45.44166667
-122.5677329,45.43333333
-122.575,45.42606622
-122.5763194,45.425
-122.5763194,45.41666667
-122.5763194,45.40833333
-122.5833333,45.40131944
-122.5846528,45.4
-122.5833333,45.39868056
-122.575,45.39868056
-122.5666667,45.39868056
-122.5583333,45.39868056
-122.5513194,45.39166667
-122.55,45.39034722
-122.5416667,45.39034722
-122.5346528,45.38333333
-122.5346528,45.375
-122.5416667,45.36798611
-122.5429861,45.36666667
-122.5429861,45.35833333
-122.5425612,45.35
-122.5416667,45.34928193
-122.5340514,45.34166667
-122.5333333,45.34034722
-122.5263194,45.33333333
-122.525,45.33201389
-122.5179861,45.325
-122.525,45.31798611
-122.5320139,45.325
-122.5333333,45.32631944
-122.5416667,45.32631944
-122.5486806,45.33333333
-122.5492819,45.34166667
-122.55,45.34256121
-122.5583333,45.34298611
-122.5666667,45.34298611
-122.575,45.34298611
-122.5833333,45.34298611
-122.5916667,45.34298611
-122.5986806,45.35
-122.5986806,45.35833333
-122.6,45.35922787
-122.6083333,45.35939955
-122.6156004,45.36666667
-122.6166667,45.36798611
-122.625,45.36756121
-122.6333333,45.36756121
-122.6416667,45.36798611
-122.65,45.36798611
-122.6583333,45.36798611
-122.6653472,45.375
-122.6583333,45.38201389
-122.6570139,45.38333333
-122.6570139,45.39166667
-122.6583333,45.39298611
-122.6666667,45.39298611
-122.6736806,45.4
-122.675,45.40131944
-122.6833333,45.40131944
-122.6916667,45.40131944
-122.6929861,45.4
-122.7,45.39298611
-122.7013194,45.39166667
-122.7,45.39077213
-122.6916667,45.39077213
-122.6833333,45.39034722
-122.675,45.39034722
-122.6679861,45.38333333
-122.6679861,45.375
-122.6675612,45.36666667
-122.6666667,45.36577213
-122.6583333,45.36402778
-122.6526389,45.35833333
-122.6526389,45.35
-122.65,45.34910546
-122.6416667,45.34910546
-122.6333333,45.34910546
-122.6258945,45.34166667
-122.6333333,45.33422787
-122.6342279,45.33333333
-122.6416667,45.32589454
-122.6491055,45.33333333
-122.65,45.33422787
-122.6574388,45.34166667
-122.6583333,45.34430556
-122.6666667,45.34256121
-122.6671599,45.34166667
-122.675,45.33382658
-122.6833333,45.33382658
-122.6911734,45.34166667
-122.6916667,45.34215992
-122.6995067,45.35
-122.6916667,45.35784008
-122.6903472,45.35833333
-122.6916667,45.35939955
-122.6989338,45.36666667
-122.7,45.36756121
-122.7083333,45.36756121
-122.7166667,45.36756121
-122.725,45.36756121
-122.7333333,45.36756121
-122.7416667,45.36756121
-122.75,45.36756121
-122.7526389,45.36666667
-122.7583333,45.36097222
-122.7666667,45.35922787
-122.7741055,45.36666667
-122.7666667,45.37410546
-122.7583333,45.37236111
-122.7574388,45.375
-122.7583333,45.37589454
-122.7657721,45.38333333
-122.7666667,45.38465278
-122.7679861,45.38333333
-122.775,45.37631944
-122.7763194,45.375
-122.7833333,45.36798611
-122.7916667,45.36756121
-122.8,45.36756121
-122.8083333,45.36756121
-122.8166667,45.36756121
-122.8193056,45.36666667
-122.825,45.36097222
-122.8333333,45.35922787
-122.8342279,45.35833333
-122.8416667,45.35089454
-122.8429861,45.35
-122.85,45.34298611
-122.8510662,45.34166667
-122.8583333,45.33439955
-122.8656004,45.34166667
-122.8653472,45.35
-122.8653472,45.35833333
-122.8666667,45.35965278
-122.875,45.35965278
-122.8820139,45.36666667
-122.8822671,45.375
-122.8820139,45.38333333
-122.8833333,45.38465278
-122.8903472,45.39166667
-122.8916667,45.39298611
-122.9,45.39298611
-122.9013194,45.39166667
-122.9083333,45.38465278
-122.9166667,45.38465278
-122.925,45.38465278
-122.9333333,45.38465278
-122.9416667,45.38465278
-122.9486806,45.39166667
-122.95,45.39298611
-122.9583333,45.39298611
-122.9666667,45.39298611
-122.9736806,45.4
-122.9736806,45.40833333
-122.975,45.40965278
-122.9833333,45.40965278
-122.9916667,45.40965278
-123.0,45.40965278
-123.0070139,45.41666667
-123.0083333,45.41798611
-123.0153472,45.425
-123.0153472,45.43333333
-123.0166667,45.43465278
-123.0236806,45.44166667
-123.0236806,45.45
-123.0236806,45.45833333
-123.0236806,45.46666667
-123.025,45.46798611
-123.0333333,45.46798611
-123.0416667,45.46798611
-123.05,45.46798611
-123.0583333,45.46798611
-123.0666667,45.46798611
-123.0736806,45.475
-123.075,45.47631944
-123.0820139,45.48333333
-123.0820139,45.49166667
-123.0833333,45.49256121
-123.0846528,45.49166667
-123.0916667,45.48465278
-123.1,45.48465278
-123.1013194,45.48333333
-123.1083333,45.47631944
-123.1153472,45.48333333
-123.1166667,45.48465278
-123.1179861,45.48333333
-123.1179861,45.475
-123.1179861,45.46666667
-123.1166667,45.46534722
-123.1096528,45.45833333
-123.1166667,45.45131944
-123.1179861,45.45
-123.1179861,45.44166667
-123.1179861,45.43333333
-123.1179861,45.425
-123.1166667,45.42368056
-123.1083333,45.42368056
-123.1070139,45.425
-123.1,45.43201389
-123.0916667,45.43201389
-123.0911734,45.43333333
-123.0833333,45.44117342
-123.0754933,45.43333333
-123.075,45.43234683
-123.0676532,45.425
-123.075,45.41765317
-123.0833333,45.41798611
-123.0916667,45.41798611
-123.0929861,45.41666667
-123.0929861,45.40833333
-123.0929861,45.4
-123.0916667,45.39868056
-123.0846528,45.39166667
-123.0916667,45.38465278
-123.0929861,45.38333333
-123.0929861,45.375
-123.0929861,45.36666667
-123.0929861,45.35833333
-123.0929861,45.35
-123.0916667,45.34868056
-123.0846528,45.34166667
-123.0833333,45.34034722
-123.0763194,45.33333333
-123.075,45.33201389
-123.0666667,45.33201389
-123.0583333,45.33201389
-123.0570139,45.33333333
-123.05,45.34034722
-123.0416667,45.34034722
-123.0333333,45.34034722
-123.025,45.34034722
-123.0166667,45.34034722
-123.0083333,45.34034722
-123.0070139,45.34166667
-123.0083333,45.34215992
-123.0166667,45.34215992
-123.025,45.34215992
-123.0333333,45.34215992
-123.0411734,45.35
-123.0411734,45.35833333
-123.0416667,45.35882658
-123.0495067,45.36666667
-123.05,45.36715992
-123.0583333,45.36715992
-123.0661734,45.375
-123.0661734,45.38333333
-123.0666667,45.38382658
-123.075,45.38382658
-123.0828401,45.39166667
-123.075,45.39950675
-123.0745067,45.4
-123.0745067,45.40833333
-123.0666667,45.41617342
-123.0583333,45.41617342
-123.0504933,45.40833333
-123.0504933,45.4
-123.0504933,45.39166667
-123.05,45.39117342
-123.0421599,45.38333333
-123.0416667,45.38284008
-123.0338266,45.375
-123.0333333,45.37450675
-123.025,45.37450675
-123.0171599,45.36666667
-123.0166667,45.36617342
-123.0083333,45.36617342
-123.0004933,45.35833333
-123.0,45.35784008
-122.9921599,45.35
-122.9916667,45.3490135
-122.9843198,45.34166667
-122.9916667,45.33431983
-122.9929861,45.33333333
-122.9929861,45.325
-122.9929861,45.31666667
-122.9916667,45.31534722
-122.9846528,45.30833333
-122.9833333,45.30701389
-122.975,45.30701389
-122.9736806,45.30833333
-122.9736806,45.31666667
-122.9666667,45.32368056
-122.9596528,45.31666667
-122.9583333,45.31534722
-122.9570139,45.31666667
-122.95,45.32368056
-122.9416667,45.32368056
-122.9333333,45.32368056
-122.9263194,45.31666667
-122.925,45.31534722
-122.9179861,45.30833333
-122.925,45.30131944
-122.9263194,45.3
-122.925,45.29868056
-122.9179861,45.29166667
-122.9166667,45.29034722
-122.9083333,45.29034722
-122.9013194,45.28333333
-122.9013194,45.275
-122.9,45.27368056
-122.8929861,45.26666667
-122.8916667,45.26534722
-122.8833333,45.26534722
-122.875,45.26534722
-122.8666667,45.26534722
-122.8583333,45.26534722
-122.8570139,45.26666667
-122.85,45.27368056
-122.8486806,45.275
-122.8416667,45.28201389
-122.8403472,45.28333333
-122.8333333,45.29034722
-122.825,45.29034722
-122.8236806,45.29166667
-122.8236806,45.3
-122.8166667,45.30701389
-122.8083333,45.30701389
-122.8074388,45.30833333
-122.8,45.31577213
-122.7916667,45.31577213
-122.7903472,45.31666667
-122.7907721,45.325
-122.7907721,45.33333333
-122.7903472,45.34166667
-122.7833333,45.34868056
-122.7763194,45.34166667
-122.775,45.34077213
-122.7675612,45.33333333
-122.7666667,45.33243879
-122.7583333,45.33243879
-122.75,45.33201389
-122.7416667,45.33201389
-122.7333333,45.33201389
-122.725,45.33201389
-122.7179861,45.325
-122.7166667,45.32368056
-122.7083333,45.32368056
-122.7,45.32368056
-122.6929861,45.31666667
-122.6916667,45.31534722
-122.6846528,45.30833333
-122.6833333,45.30701389
-122.6763194,45.3
-122.675,45.29868056
-122.6736806,45.3
-122.6666667,45.30701389
-122.6583333,45.30701389
-122.6570139,45.30833333
-122.6583333,45.30922787
-122.6666667,45.30922787
-122.6741055,45.31666667
-122.6666667,45.32410546
-122.6656004,45.325
-122.6583333,45.33226712
-122.6510662,45.325
-122.65,45.32368056
-122.6429861,45.31666667
-122.6416667,45.31534722
-122.6333333,45.31534722
-122.625,45.31534722
-122.6166667,45.31534722
-122.6083333,45.31534722
-122.6,45.31534722
-122.5916667,45.31534722
-122.5903472,45.31666667
-122.5833333,45.32368056
-122.5763194,45.31666667
-122.5833333,45.30965278
-122.5846528,45.30833333
-122.5916667,45.30131944
-122.5929861,45.3
-122.6,45.29298611
-122.6083333,45.29298611
-122.6166667,45.29298611
-122.625,45.29298611
-122.6263194,45.29166667
-122.625,45.29034722
-122.6166667,45.29034722
-122.6096528,45.28333333
-122.6083333,45.28201389
-122.6,45.28284008
-122.5921599,45.275
-122.6,45.26715992
-122.6083333,45.26798611
-122.6166667,45.26798611
-122.625,45.26798611
-122.6320139,45.275
-122.6333333,45.27631944
-122.6416667,45.27631944
-122.6486806,45.28333333
-122.65,45.28465278
-122.6570139,45.29166667
-122.6583333,45.29298611
-122.6666667,45.29298611
-122.6679861,45.29166667
-122.675,45.28465278
-122.6833333,45.28465278
-122.6846528,45.28333333
-122.6916667,45.27631944
-122.6986806,45.28333333
-122.7,45.28465278
-122.7083333,45.28465278
-122.7096528,45.28333333
-122.7166667,45.27631944
-122.7179861,45.275
-122.7179861,45.26666667
-122.725,45.25965278
-122.7333333,45.25965278
-122.7346528,45.25833333
-122.7346528,45.25
-122.7333333,45.24868056
-122.725,45.24868056
-122.7166667,45.24868056
-122.7083333,45.24868056
-122.7013194,45.24166667
-122.7,45.24034722
-122.6916667,45.24034722
-122.6833333,45.24034722
-122.675,45.24034722
-122.6666667,45.24034722
-122.6583333,45.24034722
-122.6570139,45.24166667
-122.65,45.24868056
-122.6486806,45.25
-122.6416667,45.25701389
-122.6346528,45.25
-122.6333333,45.24868056
-122.6263194,45.24166667
-122.625,45.24034722
-122.6166667,45.24034722
-122.6083333,45.24034722
-122.6,45.24034722
-122.5916667,45.24034722
-122.5846528,45.23333333
-122.5833333,45.23201389
-122.575,45.23201389
-122.5666667,45.23201389
-122.5583333,45.23201389
-122.5513194,45.225
-122.5583333,45.21798611
-122.5666667,45.21798611
-122.5679861,45.21666667
-122.5666667,45.21534722
-122.5583333,45.21568017
-122.55,45.21617342
-122.5416667,45.21617342
-122.5338266,45.20833333
-122.5338266,45.2
-122.5416667,45.19215992
-122.55,45.19215992
-122.5513194,45.19166667
-122.5513194,45.18333333
-122.55,45.18201389
-122.5416667,45.18201389
-122.5403472,45.18333333
-122.5333333,45.19034722
-122.525,45.19034722
-122.5179861,45.18333333
-122.5166667,45.18201389
-122.5096528,45.175
-122.5096528,45.16666667
-122.5166667,45.15965278
-122.5179861,45.15833333
-122.525,45.15131944
-122.5263194,45.15
-122.5263194,45.14166667
-122.5263194,45.13333333
-122.525,45.13243879
-122.5175612,45.125
-122.5166667,45.12410546
-122.5092279,45.11666667
-122.5083333,45.11577213
-122.5008945,45.10833333
-122.5083333,45.10089454
-122.5166667,45.10089454
-122.5171599,45.1
-122.525,45.09215992
-122.5333333,45.09215992
-122.5411734,45.1
-122.5416667,45.10049325
-122.5421599,45.1
-122.55,45.09215992
-122.5583333,45.09215992
-122.5661734,45.1
-122.5657721,45.10833333
-122.5583333,45.11577213
-122.55,45.11617342
-122.5416667,45.11617342
-122.5407721,45.11666667
-122.5407721,45.125
-122.5403472,45.13333333
-122.5403472,45.14166667
-122.5416667,45.14298611
-122.55,45.14298611
-122.5570139,45.15
-122.5583333,45.15131944
-122.5666667,45.15131944
-122.5736806,45.15833333
-122.575,45.15965278
-122.5820139,45.16666667
-122.5833333,45.16798611
-122.5903472,45.175
-122.5916667,45.17631944
-122.6,45.17631944
-122.6070139,45.18333333
-122.6083333,45.18465278
-122.6166667,45.18465278
-122.625,45.18465278
-122.6320139,45.19166667
-122.6333333,45.19298611
-122.6416667,45.19298611
-122.65,45.19298611
-122.6513194,45.19166667
-122.6583333,45.18465278
-122.6666667,45.18465278
-122.6679861,45.18333333
-122.675,45.17631944
-122.6763194,45.175
-122.6833333,45.16798611
-122.6846528,45.16666667
-122.6833333,45.16534722
-122.6763194,45.15833333
-122.6763194,45.15
-122.6833333,45.14298611
-122.6846528,45.14166667
-122.6916667,45.13465278
-122.7,45.13465278
-122.7013194,45.13333333
-122.7,45.13201389
-122.6916667,45.13201389
-122.6833333,45.13201389
-122.675,45.13201389
-122.6666667,45.13201389
-122.6583333,45.13201389
-122.65,45.13201389
-122.6416667,45.13201389
-122.6333333,45.13201389
-122.6263194,45.125
-122.6263194,45.11666667
-122.6333333,45.10965278
-122.6346528,45.10833333
-122.6346528,45.1
-122.6416667,45.09298611
-122.65,45.09298611
-122.6513194,45.09166667
-122.6583333,45.08465278
-122.6596528,45.08333333
-122.6596528,45.075
-122.6666667,45.06798611
-122.6679861,45.06666667
-122.675,45.05965278
-122.6763194,45.05833333
-122.675,45.05701389
-122.6679861,45.05
-122.675,45.04298611
-122.6833333,45.04298611
-122.6916667,45.04298611
-122.7,45.04298611
-122.7083333,45.04298611
-122.7166667,45.04298611
-122.725,45.04298611
-122.7263194,45.04166667
-122.725,45.04034722
-122.7179861,45.03333333
-122.7166667,45.03201389
-122.7083333,45.03201389
-122.7013194,45.025
-122.7083333,45.01798611
-122.7166667,45.01798611
-122.725,45.01798611
-122.7263194,45.01666667
-122.7333333,45.00965278
-122.7416667,45.00965278
-122.7486806,45.01666667
-122.75,45.01798611
-122.7583333,45.02271286
-122.7653472,45.025
-122.7666667,45.02631944
-122.7679861,45.025
-122.775,45.01798611
-122.7833333,45.01798611
-122.7846528,45.01666667
-122.7916667,45.00965278
-122.8,45.00965278
-122.8013194,45.00833333
-122.8083333,45.00488388
-122.8132172,45.0
-122.8083333,44.99511612
-122.8060462,44.99166667
-122.8013194,44.98333333
-122.8013194,44.975
-122.8083333,44.96798611
-122.8166667,44.96798611
-122.8179861,44.96666667
-122.825,44.95965278
-122.8333333,44.95965278
-122.8346528,44.95833333
-122.8416667,44.95131944
-122.85,44.95131944
-122.8513194,44.95
-122.8513194,44.94166667
-122.8583333,44.93465278
-122.8666667,44.93465278
-122.8679861,44.93333333
-122.875,44.92631944
-122.8763194,44.925
-122.8763194,44.91666667
-122.875,44.91534722
-122.8679861,44.90833333
-122.875,44.90131944
-122.8763194,44.9
-122.8798839,44.89166667
-122.8798839,44.88333333
-122.8833333,44.87631944
-122.8916667,44.87631944
-122.9,44.87631944
-122.9013194,44.875
-122.9083333,44.86798611
-122.9153472,44.875
-122.9166667,44.87631944
-122.925,44.87631944
-122.9320139,44.88333333
-122.9333333,44.88465278
-122.9346528,44.88333333
-122.9416667,44.87631944
-122.95,44.87631944
-122.9570139,44.88333333
-122.9583333,44.88422787
-122.9666667,44.88422787
-122.9675612,44.88333333
-122.9679861,44.875
-122.9666667,44.87368056
-122.9583333,44.87368056
-122.9513194,44.86666667
-122.95,44.86534722
-122.9429861,44.85833333
-122.95,44.85131944
-122.9513194,44.85
-122.95,44.84868056
-122.9416667,44.84868056
-122.9346528,44.84166667
-122.9333333,44.84034722
-122.925,44.84034722
-122.9236806,44.84166667
-122.925,44.84298611
-122.9320139,44.85
-122.9320139,44.85833333
-122.925,44.86534722
-122.9166667,44.86534722
-122.9096528,44.85833333
-122.9096528,44.85
-122.9083333,44.84868056
-122.9,44.84868056
-122.8916667,44.84868056
-122.8903472,44.85
-122.8833333,44.85701389
-122.875,44.85701389
-122.8666667,44.85701389
-122.8583333,44.85701389
-122.8513194,44.85
-122.8513194,44.84166667
-122.85,44.84034722
-122.8416667,44.84034722
-122.8333333,44.84034722
-122.8263194,44.83333333
-122.825,44.83201389
-122.8179861,44.825
-122.8166667,44.82368056
-122.8083333,44.82368056
-122.8013194,44.81666667
-122.8,44.81534722
-122.7916667,44.81534722
-122.7846528,44.80833333
-122.7833333,44.80701389
-122.775,44.80701389
-122.7666667,44.80701389
-122.7583333,44.80701389
-122.75,44.80701389
-122.7416667,44.80701389
-122.7333333,44.80701389
-122.725,44.80701389
-122.7166667,44.80701389
-122.7083333,44.80701389
-122.7,44.80701389
-122.6929861,44.8
-122.6916667,44.79868056
-122.6833333,44.79868056
-122.675,44.79868056
-122.6679861,44.79166667
-122.6666667,44.79034722
-122.6583333,44.79034722
-122.65,44.79034722
-122.65,44.77631944
-122.6583333,44.77631944
-122.6666667,44.77631944
-122.675,44.77631944
-122.6833333,44.77631944
-122.6916667,44.77631944
-122.7,44.77631944
-122.7083333,44.77631944
-122.7153472,44.78333333
-122.7166667,44.78465278
-122.725,44.78465278
-122.7333333,44.78465278
-122.7416667,44.78465278
-122.75,44.78465278
-122.7583333,44.78465278
-122.7666667,44.78465278
-122.775,44.78465278
-122.7833333,44.78465278
-122.7846528,44.78333333
-122.7916667,44.77631944
-122.7929861,44.775
-122.8,44.76798611
-122.8083333,44.76798611
-122.8166667,44.76798611
-122.8179861,44.76666667
-122.825,44.75965278
-122.8263194,44.75833333
-122.8333333,44.75131944
-122.8346528,44.75
-122.8416667,44.74298611
-122.85,44.74298611
-122.8513194,44.74166667
-122.8583333,44.73465278
-122.8666667,44.73465278
-122.8679861,44.73333333
-122.8679861,44.725
-122.8679861,44.71666667
-122.8666667,44.71534722
-122.8583333,44.71534722
-122.8570139,44.71666667
-122.85,44.72368056
-122.8416667,44.72368056
-122.8333333,44.72368056
-122.825,44.72368056
-122.8166667,44.72368056
-122.8083333,44.72368056
-122.8,44.72410546
-122.7916667,44.72368056
-122.7833333,44.72368056
-122.7763194,44.71666667
-122.775,44.71534722
-122.7736806,44.71666667
-122.7666667,44.72368056
-122.7583333,44.72368056
-122.7578401,44.725
-122.75,44.73284008
-122.7421599,44.725
-122.7416667,44.72410546
-122.7333333,44.72410546
-122.725,44.72410546
-122.7166667,44.72368056
-122.7083333,44.72368056
-122.7013194,44.71666667
-122.7,44.71534722
-122.6916667,44.71534722
-122.6846528,44.70833333
-122.6833333,44.70701389
-122.6763194,44.7
-122.6833333,44.69298611
-122.6846528,44.69166667
-122.6916667,44.68465278
-122.7,44.68465278
-122.7083333,44.68382658
-122.7166667,44.68382658
-122.725,44.68382658
-122.7328401,44.69166667
-122.7333333,44.69215992
-122.7411734,44.7
-122.7416667,44.70089454
-122.75,44.70089454
-122.7583333,44.70131944
-122.7588266,44.7
-122.7588266,44.69166667
-122.7666667,44.68382658
-122.775,44.68382658
-122.7833333,44.68382658
-122.7916667,44.68465278
-122.7929861,44.68333333
-122.7916667,44.68243879
-122.7842279,44.675
-122.7833333,44.67368056
-122.775,44.67368056
-122.7679861,44.66666667
-122.7666667,44.66534722
-122.7596528,44.65833333
-122.7583333,44.65701389
-122.75,44.65743879
-122.7416667,44.65743879
-122.7333333,44.65743879
-122.7258945,44.65
-122.7258945,44.64166667
-122.7333333,44.63422787
-122.7342279,44.63333333
-122.7346528,44.625
-122.7333333,44.62368056
-122.725,44.62368056
-122.7179861,44.61666667
-122.7179861,44.60833333
-122.725,44.60131944
-122.7320139,44.60833333
-122.7333333,44.60965278
-122.7416667,44.60965278
-122.7486806,44.61666667
-122.75,44.61798611
-122.7570139,44.625
-122.7583333,44.62631944
-122.7653472,44.63333333
-122.7666667,44.63465278
-122.775,44.63465278
-122.7820139,44.64166667
-122.7833333,44.64298611
-122.7916667,44.64298611
-122.8,44.64298611
-122.8083333,44.64298611
-122.8166667,44.64298611
-122.825,44.64298611
-122.8333333,44.64298611
-122.8346528,44.64166667
-122.8416667,44.63465278
-122.85,44.63465278
-122.8583333,44.63465278
-122.8666667,44.63465278
-122.875,44.63465278
-122.8763194,44.63333333
-122.8763194,44.625
-122.8763194,44.61666667
-122.875,44.61534722
-122.8679861,44.60833333
-122.8679861,44.6
-122.8679861,44.59166667
-122.8679861,44.58333333
-122.8679861,44.575
-122.875,44.56798611
-122.8763194,44.56666667
-122.8833333,44.55965278
-122.8846528,44.55833333
-122.8846528,44.55
-122.8846528,44.54166667
-122.8846528,44.53333333
-122.8846528,44.525
-122.8833333,44.52368056
-122.875,44.52368056
-122.8666667,44.52368056
-122.8583333,44.52368056
-122.85,44.52368056
-122.8491055,44.525
-122.8416667,44.53243879
-122.8333333,44.53243879
-122.8328401,44.53333333
-122.825,44.54117342
-122.8245067,44.54166667
-122.8166667,44.54950675
-122.8083333,44.54950675
-122.8004933,44.54166667
-122.8004933,44.53333333
-122.8,44.53243879
-122.7925612,44.525
-122.7916667,44.52410546
-122.7833333,44.52368056
-122.775,44.52368056
-122.7679861,44.51666667
-122.7666667,44.51534722
-122.7583333,44.51534722
-122.7570139,44.51666667
-122.75,44.52368056
-122.7429861,44.51666667
-122.75,44.50965278
-122.7513194,44.50833333
-122.7517891,44.5
-122.7504933,44.49166667
-122.7583333,44.48382658
-122.7666667,44.48422787
-122.775,44.48512241
-122.7763194,44.48333333
-122.7763194,44.475
-122.775,44.47368056
-122.7666667,44.47368056
-122.7583333,44.47368056
-122.75,44.47368056
-122.7416667,44.47368056
-122.7346528,44.46666667
-122.7416667,44.45965278
-122.7421599,44.45833333
-122.75,44.45049325
-122.7504933,44.45
-122.7583333,44.44215992
-122.7596528,44.44166667
-122.7596528,44.43333333
-122.7583333,44.43201389
-122.7513194,44.425
-122.7513194,44.41666667
-122.7583333,44.40965278
-122.7666667,44.40965278
-122.7736806,44.41666667
-122.775,44.41798611
-122.7820139,44.425
-122.7820139,44.43333333
-122.7833333,44.43465278
-122.7903472,44.44166667
-122.7903472,44.45
-122.7903472,44.45833333
-122.7916667,44.45965278
-122.7986806,44.46666667
-122.8,44.46798611
-122.8070139,44.475
-122.8074388,44.48333333
-122.8083333,44.48465278
-122.8166667,44.48465278
-122.825,44.48465278
-122.8263194,44.48333333
-122.8333333,44.47631944
-122.8346528,44.475
-122.8416667,44.46798611
-122.8486806,44.475
-122.8489338,44.48333333
-122.8486806,44.49166667
-122.85,44.49298611
-122.8570139,44.5
-122.8583333,44.50131944
-122.8653472,44.50833333
-122.8666667,44.50965278
-122.8679861,44.50833333
-122.875,44.50131944
-122.8833333,44.50131944
-122.8846528,44.5
-122.8916667,44.49298611
-122.8986806,44.5
-122.9,44.50131944
-122.9070139,44.50833333
-122.9083333,44.50965278
-122.9166667,44.50965278
-122.9236806,44.51666667
-122.925,44.51798611
-122.9333333,44.51798611
-122.9416667,44.51798611
-122.95,44.51798611
-122.9583333,44.51798611
-122.9666667,44.51798611
-122.9675612,44.51666667
-122.9684557,44.50833333
-122.975,44.50178908
-122.9763194,44.5
-122.9763194,44.49166667
-122.9763194,44.48333333
-122.975,44.48201389
-122.9666667,44.48201389
-122.9653472,44.48333333
-122.9583333,44.49034722
-122.9513194,44.48333333
-122.95,44.48201389
-122.9416667,44.48201389
-122.9333333,44.48201389
-122.9263194,44.475
-122.9263194,44.46666667
-122.9333333,44.45965278
-122.9338266,44.45833333
-122.9333333,44.45784008
-122.9254933,44.45
-122.9254933,44.44166667
-122.925,44.44117342
-122.9166667,44.44117342
-122.9088266,44.43333333
-122.9166667,44.42549325
-122.925,44.42549325
-122.9254933,44.425
-122.9333333,44.41715992
-122.9338266,44.41666667
-122.9338266,44.40833333
-122.9333333,44.40743879
-122.9326153,44.40833333
-122.925,44.4159486
-122.9245067,44.41666667
-122.9166667,44.42450675
-122.9088266,44.41666667
-122.9083333,44.41402778
-122.9,44.41617342
-122.8916667,44.41617342
-122.8911734,44.41666667
-122.8833333,44.42450675
-122.875,44.42450675
-122.8671599,44.41666667
-122.8671599,44.40833333
-122.8666667,44.40784008
-122.8588266,44.4
-122.8588266,44.39166667
-122.8666667,44.38382658
-122.875,44.38382658
-122.8833333,44.38382658
-122.8851224,44.38333333
-122.8846528,44.375
-122.8833333,44.37368056
-122.875,44.37368056
-122.8666667,44.37368056
-122.8583333,44.37450675
-122.85,44.37450675
-122.8495067,44.375
-122.8416667,44.38284008
-122.8411734,44.38333333
-122.8411734,44.39166667
-122.8416667,44.39215992
-122.85,44.39215992
-122.8578401,44.4
-122.85,44.40784008
-122.8416667,44.40784008
-122.8411734,44.40833333
-122.8333333,44.41617342
-122.8324388,44.41666667
-122.8333333,44.41798611
-122.8416667,44.41715992
-122.8495067,44.425
-122.8416667,44.43284008
-122.8403472,44.43333333
-122.8411734,44.44166667
-122.8333333,44.44950675
-122.825,44.44950675
-122.8241055,44.45
-122.8166667,44.45743879
-122.8083333,44.45743879
-122.8008945,44.45
-122.8,44.44868056
-122.7929861,44.44166667
-122.8,44.43465278
-122.8070139,44.44166667
-122.8083333,44.44256121
-122.8166667,44.44256121
-122.8171599,44.44166667
-122.8179861,44.43333333
-122.8179861,44.425
-122.8175612,44.41666667
-122.8166667,44.41617342
-122.8083333,44.41617342
-122.8004933,44.40833333
-122.8004933,44.4
-122.8083333,44.39215992
-122.8088266,44.39166667
-122.8166667,44.38382658
-122.8171599,44.38333333
-122.8171599,44.375
-122.8166667,44.37368056
-122.8157721,44.375
-122.8083333,44.38243879
-122.8008945,44.375
-122.8013194,44.36666667
-122.8,44.36534722
-122.7916667,44.36534722
-122.7846528,44.35833333
-122.7916667,44.35131944
-122.7929861,44.35
-122.8,44.34298611
-122.8083333,44.34298611
-122.8166667,44.34298611
-122.8184557,44.34166667
-122.8175612,44.33333333
-122.8166667,44.33284008
-122.8088266,44.325
-122.8083333,44.3240135
-122.8009865,44.31666667
-122.8004933,44.30833333
-122.8,44.30701389
-122.7916667,44.30701389
-122.7833333,44.30784008
-122.775,44.30784008
-122.7666667,44.30784008
-122.7661734,44.30833333
-122.7583333,44.31617342
-122.7578401,44.31666667
-122.7570139,44.325
-122.7583333,44.32631944
-122.7666667,44.32631944
-122.775,44.32549325
-122.7828401,44.33333333
-122.7833333,44.33465278
-122.7903472,44.34166667
-122.7833333,44.34868056
-122.775,44.34868056
-122.7736806,44.35
-122.7666667,44.35701389
-122.7583333,44.35701389
-122.7513194,44.35
-122.75,44.34868056
-122.7416667,44.34868056
-122.7346528,44.34166667
-122.7416667,44.33465278
-122.75,44.33465278
-122.7513194,44.33333333
-122.75,44.33201389
-122.7429861,44.325
-122.7416667,44.32450675
-122.7411734,44.325
-122.7333333,44.33284008
-122.725,44.33284008
-122.7166667,44.33284008
-122.7088266,44.325
-122.7088266,44.31666667
-122.7083333,44.31617342
-122.7078401,44.31666667
-122.7,44.32450675
-122.6916667,44.32450675
-122.6838266,44.31666667
-122.6833333,44.31617342
-122.675,44.31617342
-122.6671599,44.30833333
-122.6666667,44.30784008
-122.6588266,44.3
-122.6583333,44.29950675
-122.6504933,44.29166667
-122.6504933,44.28333333
-122.6583333,44.27549325
-122.6661734,44.28333333
-122.6666667,44.28382658
-122.6671599,44.28333333
-122.675,44.27549325
-122.6833333,44.27549325
-122.6911734,44.28333333
-122.6916667,44.28382658
-122.6995067,44.29166667
-122.7,44.29215992
-122.7004933,44.29166667
-122.7083333,44.28382658
-122.7166667,44.28382658
-122.7245067,44.29166667
-122.725,44.29215992
-122.7333333,44.29215992
-122.7338266,44.29166667
-122.7416667,44.28382658
-122.75,44.28382658
-122.7583333,44.28382658
-122.7666667,44.28382658
-122.775,44.28382658
-122.7833333,44.28382658
-122.7916667,44.28382658
-122.7995067,44.29166667
-122.8,44.29298611
-122.8083333,44.29215992
-122.8161734,44.3
-122.8166667,44.30049325
-122.8245067,44.30833333
-122.8236806,44.31666667
-122.825,44.31798611
-122.8333333,44.31798611
-122.8416667,44.31798611
-122.8486806,44.325
-122.8486806,44.33333333
-122.8486806,44.34166667
-122.85,44.34298611
-122.8583333,44.34298611
-122.8666667,44.34256121
-122.8675612,44.34166667
-122.875,44.33422787
-122.8824388,44.34166667
-122.875,44.34910546
-122.8741055,44.35
-122.875,44.35131944
-122.8833333,44.35131944
-122.8916667,44.35131944
-122.9,44.35131944
-122.9009865,44.35
-122.9083333,44.34265317
-122.9166667,44.34298611
-122.9179861,44.34166667
-122.925,44.33465278
-122.9333333,44.33465278
-122.9403472,44.34166667
-122.9416667,44.34298611
-122.95,44.34298611
-122.9570139,44.35
-122.9583333,44.35131944
-122.9596528,44.35
-122.9666667,44.34298611
-122.975,44.34298611
-122.9833333,44.34298611
-122.9916667,44.34256121
-122.9925612,44.34166667
-122.9929861,44.33333333
-123.0,44.32631944
-123.0070139,44.33333333
-123.0083333,44.33512241
-123.0092279,44.33333333
-123.0166667,44.32589454
-123.0179861,44.325
-123.0179861,44.31666667
-123.0166667,44.31534722
-123.0083333,44.31487759
-123.0074388,44.31666667
-123.0,44.32410546
-122.9925612,44.31666667
-122.9916667,44.31577213
-122.9842279,44.30833333
-122.9833333,44.30701389
-122.9763194,44.3
-122.9833333,44.29298611
-122.9846528,44.29166667
-122.9833333,44.29034722
-122.975,44.29034722
-122.9736806,44.29166667
-122.9736806,44.3
-122.9666667,44.30701389
-122.9583333,44.30784008
-122.9504933,44.3
-122.9583333,44.29215992
-122.9596528,44.29166667
-122.9596528,44.28333333
-122.9588266,44.275
-122.9588266,44.26666667
-122.9583333,44.26617342
-122.95,44.26617342
-122.9416667,44.26617342
-122.9338266,44.25833333
-122.9338266,44.25
-122.9416667,44.24215992
-122.95,44.24215992
-122.9504933,44.24166667
-122.9583333,44.23382658
-122.9666667,44.23382658
-122.9671599,44.23333333
-122.9671599,44.225
-122.975,44.21715992
-122.9833333,44.21715992
-122.9916667,44.21715992
-122.9921599,44.21666667
-123.0,44.20882658
-123.0083333,44.20882658
-123.0088266,44.20833333
-123.0083333,44.20784008
-123.0004933,44.2
-123.0004933,44.19166667
-123.0083333,44.18382658
-123.0166667,44.18382658
-123.025,44.18382658
-123.0333333,44.18382658
-123.0346528,44.18333333
-123.0346528,44.175
-123.0333333,44.17368056
-123.025,44.17450675
-123.0166667,44.17450675
-123.0088266,44.16666667
-123.0083333,44.16617342
-123.0078401,44.16666667
-123.0078401,44.175
-123.0,44.18284008
-122.9916667,44.18284008
-122.9833333,44.18284008
-122.975,44.18284008
-122.9666667,44.18284008
-122.9583333,44.18284008
-122.95,44.18284008
-122.9416667,44.18284008
-122.9338266,44.175
-122.9333333,44.17450675
-122.9254933,44.16666667
-122.925,44.16617342
-122.9166667,44.16617342
-122.9161734,44.16666667
-122.9083333,44.17450675
-122.9,44.17368056
-122.8916667,44.17368056
-122.8903472,44.175
-122.8916667,44.17631944
-122.9,44.17631944
-122.9083333,44.17549325
-122.9166667,44.17549325
-122.925,44.17549325
-122.9328401,44.18333333
-122.9333333,44.18382658
-122.9416667,44.18382658
-122.95,44.18465278
-122.9570139,44.19166667
-122.9583333,44.19215992
-122.9666667,44.19215992
-122.975,44.19215992
-122.9828401,44.2
-122.9833333,44.20049325
-122.9911734,44.20833333
-122.9833333,44.21617342
-122.975,44.21617342
-122.9666667,44.21617342
-122.9583333,44.21617342
-122.9578401,44.21666667
-122.95,44.22450675
-122.9416667,44.22450675
-122.9333333,44.22450675
-122.9254933,44.21666667
-122.9254933,44.20833333
-122.925,44.20784008
-122.9245067,44.20833333
-122.9166667,44.21617342
-122.9083333,44.21617342
-122.9,44.21617342
-122.8916667,44.21617342
-122.8838266,44.20833333
-122.8838266,44.2
-122.8833333,44.19950675
-122.8754933,44.19166667
-122.8754933,44.18333333
-122.8763194,44.175
-122.875,44.17368056
-122.8666667,44.17368056
-122.8653472,44.175
-122.8661734,44.18333333
-122.8666667,44.18382658
-122.8745067,44.19166667
-122.8666667,44.19950675
-122.8661734,44.2
-122.8583333,44.20784008
-122.8570139,44.20833333
-122.85,44.21534722
-122.8486806,44.21666667
-122.85,44.21798611
-122.8570139,44.225
-122.8583333,44.22549325
-122.8666667,44.22549325
-122.875,44.22549325
-122.8828401,44.23333333
-122.8833333,44.23382658
-122.8838266,44.23333333
-122.8838266,44.225
-122.8916667,44.21715992
-122.8995067,44.225
-122.9,44.22549325
-122.9083333,44.22549325
-122.9161734,44.23333333
-122.9166667,44.23382658
-122.9245067,44.24166667
-122.9166667,44.24950675
-122.9161734,44.25
-122.9083333,44.25784008
-122.9078401,44.25833333
-122.9,44.26617342
-122.8916667,44.26617342
-122.8838266,44.25833333
-122.8833333,44.25784008
-122.875,44.25784008
-122.8666667,44.25701389
-122.8596528,44.25
-122.8583333,44.24736111
-122.85,44.24950675
-122.8416667,44.24950675
-122.8338266,44.24166667
-122.8338266,44.23333333
-122.8338266,44.225
-122.8346528,44.21666667
-122.8333333,44.21534722
-122.825,44.21534722
-122.8179861,44.20833333
-122.8179861,44.2
-122.8171599,44.19166667
-122.825,44.18382658
-122.8333333,44.18465278
-122.8346528,44.18333333
-122.8342279,44.175
-122.8340514,44.16666667
-122.8416667,44.1590514
-122.8492819,44.16666667
-122.85,44.16798611
-122.8513194,44.16666667
-122.8583333,44.15965278
-122.8666667,44.15965278
-122.8679861,44.15833333
-122.875,44.15131944
-122.8763194,44.15
-122.8833333,44.14298611
-122.8846528,44.14166667
-122.8846528,44.13333333
-122.8846528,44.125
-122.8916667,44.11798611
-122.9,44.11798611
-122.9083333,44.11798611
-122.9096528,44.11666667
-122.9166667,44.10965278
-122.925,44.10965278
-122.9333333,44.10965278
-122.9351224,44.10833333
-122.9416667,44.10178908
-122.9429861,44.1
-122.95,44.09298611
-122.9513194,44.09166667
-122.9583333,44.08465278
-122.9653472,44.09166667
-122.9653472,44.1
-122.9583333,44.10701389
-122.9570139,44.10833333
-122.9578401,44.11666667
-122.95,44.12450675
-122.9416667,44.12368056
-122.9403472,44.125
-122.9411734,44.13333333
-122.9407721,44.14166667
-122.9416667,44.14215992
-122.95,44.14215992
-122.9578401,44.15
-122.9583333,44.15049325
-122.9661734,44.15833333
-122.9666667,44.15882658
-122.975,44.15882658
-122.9833333,44.15882658
-122.9916667,44.15882658
-123.0,44.15882658
-123.0004933,44.15833333
-123.0,44.15784008
-122.9921599,44.15
-122.9916667,44.14950675
-122.9838266,44.14166667
-122.9833333,44.14117342
-122.9754933,44.13333333
-122.9754933,44.125
-122.975,44.12450675
-122.9671599,44.11666667
-122.975,44.10882658
-122.9833333,44.10882658
-122.9916667,44.10882658
-123.0,44.10882658
-123.0083333,44.10882658
-123.0161734,44.11666667
-123.0161734,44.125
-123.0083333,44.13284008
-123.0078401,44.13333333
-123.0083333,44.13431983
-123.0166667,44.13465278
-123.0171599,44.13333333
-123.0171599,44.125
-123.025,44.11715992
-123.0333333,44.11715992
-123.0416667,44.11798611
-123.05,44.11798611
-123.0513194,44.11666667
-123.0583333,44.11437953
-123.0666667,44.11437953
-123.075,44.11437953
-123.0772871,44.11666667
-123.0833333,44.12271286
-123.0916667,44.12271286
-123.1,44.12271286
-123.1045743,44.125
-123.1083333,44.12875906
-123.1166667,44.12631944
-123.125,44.12631944
-123.1333333,44.1310462
-123.1416667,44.1310462
-123.15,44.1310462
-123.1583333,44.1310462
-123.1653472,44.13333333
-123.1666667,44.13465278
-123.1736806,44.14166667
-123.1736806,44.15
-123.175,44.15131944
-123.1820139,44.15833333
-123.1833333,44.15965278
-123.1903472,44.16666667
-123.1916667,44.16798611
-123.2,44.16798611
-123.2013194,44.16666667
-123.2083333,44.15965278
-123.2166667,44.15965278
-123.225,44.15965278
-123.2263194,44.15833333
-123.2263194,44.15
-123.2310462,44.14166667
-123.2310462,44.13333333
-123.2298839,44.125
-123.2333333,44.11798611
-123.2416667,44.11798611
-123.2486806,44.125
-123.2486806,44.13333333
-123.2486806,44.14166667
-123.25,44.14298611
-123.2570139,44.15
-123.2583333,44.15131944
-123.2666667,44.15131944
-123.2679861,44.15
-123.2679861,44.14166667
-123.275,44.13465278
-123.2763194,44.13333333
-123.2763194,44.125
-123.2758945,44.11666667
-123.275,44.11577213
-123.2675612,44.10833333
-123.2675612,44.1
-123.2666667,44.09910546
-123.2583333,44.09910546
-123.2508945,44.09166667
-123.25,44.09034722
-123.2429861,44.08333333
-123.2429861,44.075
-123.2429861,44.06666667
-123.2429861,44.05833333
-123.2416667,44.05701389
-123.2346528,44.05
-123.2346528,44.04166667
-123.2346528,44.03333333
-123.2416667,44.02631944
-123.2429861,44.025
-123.25,44.01798611
-123.2513194,44.01666667
-123.2583333,44.00965278
-123.2596528,44.00833333
-123.2596528,44.0
-123.2666667,43.99298611
-123.275,43.99298611
-123.2833333,43.99298611
-123.2846528,43.99166667
-123.2916667,43.98465278
-123.3,43.98465278
-123.3083333,43.98465278
-123.3096528,43.98333333
-123.3096528,43.975
-123.3166667,43.96798611
-123.1,43.98108199
-123.0916667,43.98137083
-123.0894153,43.98333333
-123.0833333,43.98941532
-123.075,43.98941532
-123.0727487,43.99166667
-123.0666667,43.99774866
-123.0644153,44.0
-123.0583333,44.00608199
-123.05,44.00608199
-123.0416667,44.00608199
-123.0333333,44.00608199
-123.025,44.00608199
-123.0234828,44.00833333
-123.0227487,44.01666667
-123.0166667,44.02274866
-123.0083333,44.02348279
-123.0,44.02348279
-122.9916667,44.02348279
-122.9848505,44.01666667
-122.9833333,44.01514946
-122.9765172,44.00833333
-122.9765172,44.0
-122.975,43.99848279
-122.9681839,43.99166667
-122.9666667,43.99014946
-122.9583333,43.99014946
-122.956082,43.99166667
-122.95,43.99774866
-122.9416667,43.99848279
-122.9394153,44.0
-122.9416667,44.00225134
-122.9477487,44.00833333
-122.9477487,44.01666667
-122.9477487,44.025
-122.9416667,44.03108199
-122.9355847,44.025
-122.9355847,44.01666667
-122.9333333,44.01441532
-122.925,44.01441532
-122.9166667,44.01441532
-122.9083333,44.01441532
-122.906082,44.01666667
-122.9083333,44.01891801
-122.9144153,44.025
-122.9144153,44.03333333
-122.9083333,44.03941532
-122.906082,44.04166667
-122.9,44.04774866
-122.8916667,44.04774866
-122.8833333,44.04774866
-122.875,44.04774866
-122.8727487,44.05
-122.8734828,44.05833333
-122.875,44.05985054
-122.8833333,44.05985054
-122.8916667,44.05964706
-122.9,44.06058468
-122.906082,44.06666667
-122.9083333,44.06891801
-122.9166667,44.06891801
-122.9181839,44.06666667
-122.925,44.05985054
-122.9318161,44.06666667
-122.9333333,44.06891801
-122.9355847,44.06666667
-122.9416667,44.06058468
-122.95,44.06058468
-122.9518128,44.05833333
-122.9583333,44.05181277
-122.9648539,44.05833333
-122.9648539,44.06666667
-122.9644153,44.075
-122.9666667,44.07725134
-122.975,44.07725134
-122.9833333,44.07725134
-122.9916667,44.07725134
-123.0,44.07725134
-123.0083333,44.07651721
-123.0166667,44.07651721
-123.0234828,44.08333333
-123.0227487,44.09166667
-123.025,44.09391801
-123.031082,44.1
-123.0333333,44.10225134
-123.0394153,44.10833333
-123.0416667,44.11058468
-123.05,44.11058468
-123.0583333,44.10985054
-123.0666667,44.10985054
-123.075,44.10985054
-123.0818161,44.11666667
-123.0833333,44.11818388
-123.0916667,44.11818388
-123.1,44.11818388
-123.1083333,44.11970109
-123.1166667,44.11891801
-123.125,44.11891801
-123.131082,44.125
-123.1333333,44.12651721
-123.1416667,44.12651721
-123.15,44.12651721
-123.1583333,44.12651721
-123.1666667,44.12725134
-123.168918,44.125
-123.175,44.11891801
-123.1833333,44.11891801
-123.1916667,44.11891801
-123.1977487,44.125
-123.1916667,44.13108199
-123.1894153,44.13333333
-123.1916667,44.13558468
-123.1977487,44.14166667
-123.2,44.14391801
-123.2083333,44.14391801
-123.2166667,44.14391801
-123.225,44.14391801
-123.2265172,44.14166667
-123.2265172,44.13333333
-123.225,44.12883065
-123.2211694,44.125
-123.218918,44.11666667
-123.218918,44.10833333
-123.225,44.10225134
-123.2272513,44.1
-123.2272513,44.09166667
-123.2272513,44.08333333
-123.2272513,44.075
-123.225,44.07274866
-123.218918,44.06666667
-123.218918,44.05833333
-123.218918,44.05
-123.218918,44.04166667
-123.2166667,44.03941532
-123.2105847,44.03333333
-123.2083333,44.03108199
-123.2,44.03108199
-123.1916667,44.03108199
-123.1855847,44.025
-123.1833333,44.02274866
-123.1772513,44.01666667
-123.175,44.01441532
-123.1666667,44.01441532
-123.1583333,44.01441532
-123.156082,44.01666667
-123.15,44.02274866
-123.1416667,44.02274866
-123.1333333,44.02274866
-123.125,44.02274866
-123.1166667,44.02274866
-123.1105847,44.01666667
-123.1083333,44.01568541
-123.1009813,44.00833333
-123.1009813,44.0
-123.1,43.99774866
-123.093918,43.99166667
-123.1,43.98558468
-123.1022513,43.98333333
-123.1,43.98108199
-123.3166667,43.96798611
